OID,Cid,BoundDiameter,BoundHeight,AnimGroup
101,101,90.000000,250.000000,Mount
102,102,90.000000,250.000000,Mount
103,103,90.000000,250.000000,None
104,104,90.000000,250.000000,None
105,105,90.000000,250.000000,None
106,106,90.000000,250.000000,None
107,107,90.000000,250.000000,Mount
108,108,90.000000,250.000000,None
109,109,90.000000,250.000000,None
