OID,Cid,Comment,Race,ZoneCid,Area
1,1,이니스섬 시작 지점,Nuian,9999,"(X=-29559.361276,Y=-3696.502461,Z=-18428.131169)"
2,2,이니스섬 시작 지점,Nuian,1000,"(X=345310.625000,Y=-124698.976562,Z=-1868.000000)"
